arm,metric,trips,value,lo,hi,real,real_lo,real_hi,diff,diff_lo,diff_hi
haiku/neutral,persistence,30,0.8083305460725957,0.7011259283618552,0.8738983502022718,0.7940849153884841,0.6213810864049223,0.8806903441338688,0.014245630684111554,-0.13289309754992917,0.18916060805943757
haiku/neutral,recovery,30,0.06109324758842444,0.032966210436270314,0.09271933241752608,0.2315112540192926,0.18181094383323684,0.284847450202283,-0.17041800643086816,-0.2342187407800791,-0.10874013779912628
haiku/neutral,unchanged,30,0.8360128617363344,0.7771848501978519,0.8900060975609756,0.572347266881029,0.49246820830210575,0.6437769657192165,0.2636655948553054,0.16666666666666663,0.35096610761705105
haiku/neutral,zero,30,0.16715542521994134,0.08795661474330847,0.259940366972477,0.5953079178885631,0.492459427238232,0.6912266380927854,-0.42815249266862176,-0.5689667314230208,-0.30225370559672887
haiku/neutral,ge5,30,0.0,0.0,0.0,0.04105571847507331,0.002993126173688127,0.08801396820496987,-0.04105571847507331,-0.0880139682049699,-0.0029931261736881277
haiku/instructed,persistence,29,0.9398696469270978,0.9093562073117311,0.9589035372182811,0.7664284601646617,0.5818051253176411,0.8725904208270013,0.17344118676243614,0.06087925695757445,0.3587910108857459
haiku/instructed,recovery,29,0.0436241610738255,0.016721014492753622,0.08013970529563529,0.23825503355704697,0.18795817669172932,0.2948450470146999,-0.19463087248322147,-0.260456065498155,-0.12137489887424759
haiku/instructed,unchanged,29,0.8825503355704698,0.8034685382275089,0.9392044427370514,0.5738255033557047,0.491978377666894,0.6551850448402172,0.3087248322147651,0.1804352226720648,0.4192034360230447
haiku/instructed,zero,29,0.1162079510703364,0.04946272374442449,0.2010437362752274,0.6116207951070336,0.5065425700807403,0.705081290432414,-0.4954128440366972,-0.6202998500749626,-0.35912489842938405
haiku/instructed,ge5,29,0.12232415902140673,0.03400167994026879,0.22667434210526313,0.03363914373088685,0.0,0.08645657788458662,0.08868501529051988,-0.015532833313801307,0.20579481243132947
sonnet/neutral,persistence,30,0.8211144119736661,0.7381884649248628,0.8781698451191905,0.7940849153884841,0.6302775930327423,0.8824887443794942,0.027029496585181945,-0.11956259214684539,0.20869529220196603
sonnet/neutral,recovery,30,0.03215434083601286,0.01486796374914762,0.05220958460708505,0.2315112540192926,0.18114226910213532,0.28331458145814575,-0.19935691318327975,-0.24775196562271304,-0.1456946169772257
sonnet/neutral,unchanged,30,0.7684887459807074,0.70490305538914,0.8200014749262536,0.572347266881029,0.49322069783197836,0.647493188880848,0.19614147909967838,0.1018076923076923,0.28068031430934653
sonnet/neutral,zero,30,0.08504398826979472,0.06516105352137741,0.10577773311897105,0.5953079178885631,0.4921819911578712,0.686961753080679,-0.5102639296187683,-0.601525421980108,-0.40425969193492567
sonnet/neutral,ge5,30,0.0,0.0,0.0,0.04105571847507331,0.005189457804596684,0.09669668416030534,-0.04105571847507331,-0.09669668416030534,-0.005189457804596723
sonnet/instructed,persistence,30,0.6269548464139804,0.5415543044485183,0.7033315674448563,0.7940849153884841,0.6213522448993614,0.8865621255831262,-0.16713006897450378,-0.2882285564351545,0.011375154925474978
sonnet/instructed,recovery,30,0.1864951768488746,0.15333275261324042,0.22127073330423397,0.2315112540192926,0.1786990031856952,0.28780145318960776,-0.045016077170418,-0.09629836624211517,0.007700803212851398
sonnet/instructed,unchanged,30,0.6205787781350482,0.5494350637686366,0.6897631222564677,0.572347266881029,0.4954617626902696,0.6488312661850892,0.048231511254019255,-0.052816901408450745,0.1284257769284924
sonnet/instructed,zero,30,0.16129032258064516,0.0975609756097561,0.21843349928876246,0.5953079178885631,0.4943718695004738,0.6960268069175536,-0.43401759530791795,-0.5504345359427245,-0.33618055555555554
sonnet/instructed,ge5,30,0.0,0.0,0.0,0.04105571847507331,0.003183465447357387,0.09354212282348033,-0.04105571847507331,-0.09354212282348034,-0.003183465447357388
shuffled,persistence,30,0.451649877351791,0.22052581887469838,0.6260049259848004,0.7940849153884841,0.6377576165179583,0.879647147707697,-0.3424350380366931,-0.4709503882012851,-0.22978258718733394
shuffled,recovery,30,0.22508038585209003,0.17415655451369735,0.27181436160506095,0.2315112540192926,0.1815245398773006,0.28197132432293537,-0.006430868167202564,-0.050587182089888896,0.03691898693996009
shuffled,unchanged,30,0.5144694533762058,0.412157403882756,0.6111350574712644,0.572347266881029,0.4958224908363412,0.6485152422427871,-0.05787781350482324,-0.11683501683501679,0.0
shuffled,zero,30,0.5953079178885631,0.4970742725076163,0.6895669539625815,0.5953079178885631,0.4970742725076163,0.6895669539625815,0.0,0.0,0.0
shuffled,ge5,30,0.04105571847507331,0.0037669645812644825,0.09412160823925529,0.04105571847507331,0.0037669645812644825,0.09412160823925529,0.0,0.0,0.0
